경찰서명,년월일,신고수,유동인구수01_06시간대,유동인구수07_12시간대,유동인구수13_18시간대,유동인구수19_00시간대,연령대유동인구수_10대,연령대유동인구수_20대,연령대유동인구수_30대,연령대유동인구수_40대,연령대유동인구수_50대,연령대유동인구수_60대,연령대유동인구수_70대이상
진주경찰서,20190101,211,157151.42,586089.71,835050.77,333105.64,156099.93,257115.23,340698.12,435517.44,427529.24,225008.97,69847.48
진주경찰서,20190102,164,124064.72,738961.99,885137.33,358004.11,139016.73,251434.3,371547.57,515863.2,485881.94,259328.4,83503.02
진주경찰서,20190103,159,138208.92,759424.99,889260.42,371777.66,122611.79,246665.42,355069.23,515609.29,520947.15,295589.53,102583.62
진주경찰서,20190104,168,131188.87,733581.78,930915.68,409377.73,145931.3,259818.46,379242.88,532524.09,512712.64,281609.53,93605.67
진주경찰서,20190105,187,131685.33,731079.77,914047.79,378088.49,130723.97,253046.95,367989.47,503456.81,513051.69,290137.7,96876.04
진주경찰서,20190106,147,109581.28,582086.86,873440.77,333204.1,119246.06,233721.36,317076.24,421067.93,452997.41,266426.52,88162.2
진주경찰서,20190107,142,134736.28,789079.24,845819.31,364812.96,126328.52,242737.05,352632.37,508392.67,510339.07,293530.22,100889.57
진주경찰서,20190108,166,136135.78,781801.65,901210.44,336101.04,124095.56,238331.7,356690.91,514316.34,516321.72,300582.31,105329.66
진주경찰서,20190109,158,133054.89,768967.98,847995.62,375399.08,125599.87,237427.33,351249.02,510955.38,509325.28,290605.11,100668.64
진주경찰서,20190110,173,134302.76,778101.13,890131.78,378317.2,125361.6,244216.65,361545.68,520974.41,524346.16,301480.28,103338.39
진주경찰서,20190111,170,135863.47,729408.16,951467.77,420200.23,134566.66,257659.26,374618.72,531419.84,529899.65,304082.59,105090.49
진주경찰서,20190112,185,128043.9,735227.28,924520.11,395371.1,138266.85,255794.79,377427.72,506937.14,511961.12,294918.3,98229.16
진주경찰서,20190113,165,108072.04,592978.7,876314.09,337718.16,122234.96,235238.64,321570.39,425037.14,455607.28,268146.17,87626.75
진주경찰서,20190114,128,134339.65,802395.9,888027.35,299687.94,124260.02,241897.48,345750.48,502418.08,511109.13,295984.72,103428.48
진주경찰서,20190115,148,86889.5,502665.35,586258.64,244125.5,80119.71,155608.94,232780.81,340343.63,342653.68,198874.1,69998.97
진주경찰서,20190116,151,104819.29,770473.8,908305.76,362250.9,122135.97,235231.69,356396.24,513965.26,513657.35,300656.92,104202.68
진주경찰서,20190117,167,132452.6,764901.04,886139.58,379320.77,120694.47,239082.29,360449.39,518304.91,518967.22,300714.24,105008.34
진주경찰서,20190118,181,133808.03,780517.12,965503.45,415292.34,137356.7,259422.15,385217.06,545054.42,541002.05,317923.46,109539.24
진주경찰서,20190119,182,131145.38,752816.13,932416.52,380818.85,137087.46,253382.66,375167.16,512131.66,521144.12,299348.27,99311.29
진주경찰서,20190120,177,106562.63,603870.22,879187.15,342231.97,125223.79,236755.81,326064.42,429006.25,458217.05,269865.71,87091.22
진주경찰서,20190121,149,111527.67,644419.53,750372.54,293614.48,98477.03,199976.6,296765.55,427835.84,431101.33,256444.02,89768.48
진주경찰서,20190122,133,133819.83,786523.96,918070.18,382357.43,121675.05,242858.74,367717.68,530270.53,534531.89,314822.5,109314.26
진주경찰서,20190123,166,133888.3,784118.5,885371.04,354756.01,118594.68,237404.63,358831.5,514443.24,521171.32,302626.18,105458.43
진주경찰서,20190124,179,136737.98,791393.35,923203.29,387205.55,123171.07,247340.21,374452.14,532948.32,535794.16,315251.64,109980.06
진주경찰서,20190125,164,134137.44,805229.64,961242.61,413284.12,128894.22,263154.36,391636.06,554085.38,552730.9,314777.21,109018.21
진주경찰서,20190126,156,126941.5,760348.88,918112.12,385602.53,137572.99,253532.07,377760.75,510544.48,514712.85,297437.94,99814.25
진주경찰서,20190127,129,109581.31,586956.86,876588.19,343575.91,121233.35,237020.87,320004.31,425364.78,454510.8,269929.91,89019.56
진주경찰서,20190128,177,134691.65,782229.01,917817.99,370788.92,118090.3,245471.59,365280.16,525670.66,527127.51,314084.66,110213.98
진주경찰서,20190129,167,137354.56,784419.61,935281.68,388628.94,119135.8,244251.49,373291.36,540474.9,542460.24,316121.22,110335.44
진주경찰서,20190130,167,135449.24,783375.26,949120.77,401153.73,123233.65,249578.59,378083.87,546505.23,545699.4,318138.86,108262.42
진주경찰서,20190131,165,132842.24,797451.55,923829.77,385568.86,130100.36,262388.42,375987.5,527798.06,525854.05,309744.49,108218.32
진주경찰서,20190201,163,133946.09,802506.64,975729.71,452966.49,130390.77,280480.5,412169.13,562469.5,549838.6,319045.87,111148.99
진주경찰서,20190202,189,136026.4,787047.93,1029077.49,433120.4,155468.24,301103.76,440803.02,553880.0,531296.63,299093.51,103986.42
진주경찰서,20190203,203,126106.9,629617.11,953396.0,422920.16,152301.63,293460.69,407244.97,497964.49,458606.36,243197.22,79629.99
진주경찰서,20190204,162,140725.94,758802.07,883266.53,413301.03,162960.98,320457.17,415274.77,500408.03,481912.43,236885.58,78583.61
진주경찰서,20190205,164,137039.77,793216.44,936987.78,393523.16,128557.78,248407.02,373054.99,539132.45,541425.04,318654.24,111921.84
진주경찰서,20190206,170,122277.2,645072.36,987863.04,391094.71,168989.75,315890.39,385251.38,485834.39,465294.7,246333.06,79112.89
진주경찰서,20190207,161,128946.21,803509.54,924456.03,383931.96,137029.59,277436.51,377522.81,522647.75,515913.84,304237.27,106456.46
진주경찰서,20190208,157,132717.3,786977.48,967931.62,416790.37,138687.44,275302.56,385434.77,544226.12,538339.34,315258.48,107554.07
진주경찰서,20190209,156,129313.56,731906.88,903063.69,383535.74,147058.32,256642.05,364276.46,494396.5,499458.13,288936.39,97416.41
진주경찰서,20190210,163,108973.6,585320.67,857293.5,335000.47,124058.83,236130.62,303605.28,407210.64,449831.58,274738.94,91400.49
진주경찰서,20190211,111,137749.71,804583.54,915950.61,380315.21,135244.53,254328.43,365158.81,527146.61,531523.95,314502.58,111105.35
진주경찰서,20190212,141,136724.69,802013.05,938693.6,398417.2,137979.7,252562.47,372818.5,537789.89,540389.74,321187.17,113508.15
진주경찰서,20190213,161,139161.41,831108.81,955756.07,399665.84,158372.11,260892.24,374674.96,546067.26,547972.81,324418.76,113692.01
진주경찰서,20190214,157,136340.43,807397.28,937581.9,399330.12,136586.92,270520.18,378029.54,533142.68,535765.92,316501.95,110492.67
진주경찰서,20190215,159,130824.32,844830.17,996739.08,438545.99,174231.71,269558.96,392508.05,569662.19,560912.2,329048.26,115391.2
진주경찰서,20190216,177,136322.02,789441.37,957135.22,400007.38,150515.86,264022.18,384389.36,528983.0,535034.77,313687.82,106648.84
진주경찰서,20190217,165,114243.22,636258.32,934627.71,360829.13,139018.68,246695.75,333061.6,445380.09,484608.93,299006.96,98560.36
진주경찰서,20190218,151,137144.01,821271.69,935464.46,385570.05,132585.82,265689.2,364493.4,537207.97,550180.81,317986.36,111691.19
진주경찰서,20190219,178,126010.84,737980.06,876806.79,386392.86,125075.88,237986.63,356502.64,515566.52,509365.03,287688.95,95418.24
진주경찰서,20190220,182,140148.55,806864.08,950100.98,408079.51,135941.96,258912.76,377999.48,543948.5,550955.62,323157.38,114661.88
진주경찰서,20190221,170,143734.33,811284.73,950707.5,414727.94,136144.18,263603.79,378536.21,543637.55,555617.91,328766.55,114528.81
진주경찰서,20190222,172,147146.98,850220.62,992140.63,443754.3,144550.59,290808.49,401651.63,575101.21,577373.41,329128.6,115028.3
진주경찰서,20190223,194,141649.85,812541.82,1000275.59,387678.32,157354.84,269780.68,395712.38,536582.21,543624.56,327390.67,112052.34
진주경찰서,20190224,159,120290.62,663625.47,981500.61,378907.4,145827.95,264657.74,351883.01,464650.47,507667.72,306211.46,103800.26
진주경찰서,20190225,167,145957.74,857415.33,977240.92,403004.63,134927.37,286234.47,386300.58,549911.69,569794.82,336179.84,120651.93
진주경찰서,20190226,176,147100.96,820445.37,956991.92,413747.08,135089.64,255122.87,386251.23,549725.87,561836.03,331877.28,118764.34
진주경찰서,20190227,194,140098.17,796259.04,940647.28,414544.2,132681.92,255294.03,381694.01,540389.09,547669.89,321682.17,112527.62
진주경찰서,20190228,170,144398.91,818250.59,946396.92,423907.91,139332.88,264233.49,388823.83,548465.92,549808.88,327479.55,115199.06
진주경찰서,20190301,184,120042.19,713857.37,839832.88,368106.58,143278.02,235904.2,350480.57,470419.72,472643.58,277229.22,92297.77
진주경찰서,20190302,182,126809.5,811132.71,1047280.25,415826.16,167486.56,276970.59,407401.88,548887.36,561488.48,326288.93,112921.17
진주경찰서,20190303,189,113481.19,689753.6,992600.12,369266.82,153746.67,268502.85,358976.25,470966.2,510519.04,303604.84,99184.2
진주경찰서,20190304,176,144732.26,872934.84,958692.44,398100.68,161458.42,275648.53,385980.55,549555.68,552113.64,330342.43,119766.94
진주경찰서,20190305,214,145438.07,840956.19,925284.84,402400.22,133739.24,263064.3,376558.66,544891.66,546494.94,331600.98,118145.39
진주경찰서,20190306,215,143993.56,811975.58,926952.88,409314.05,139429.7,264444.96,374336.67,544588.53,541430.67,319920.43,108503.33
진주경찰서,20190307,177,146902.92,826382.13,944220.44,412674.26,138308.33,268349.74,378062.05,546136.87,550330.23,331049.11,118358.61
진주경찰서,20190308,195,144717.0,784281.84,1014627.74,469070.92,156622.75,275079.64,397251.21,563921.75,566711.23,337108.89,116411.04
진주경찰서,20190309,213,147826.09,836126.06,1025354.5,433329.85,172403.93,271276.63,413120.6,561250.15,571639.09,337776.47,115550.23
진주경찰서,20190310,153,107764.85,578910.07,822232.15,341690.2,134184.08,229625.69,304812.97,407187.16,442049.09,253332.17,79789.13
진주경찰서,20190311,151,141979.17,841069.96,939219.25,392695.52,135983.48,266214.07,375929.13,543476.36,544717.4,330815.05,118232.89
진주경찰서,20190312,151,147302.81,844187.62,936985.93,404137.21,132787.87,265297.64,379803.69,548069.51,555187.75,333544.02,118328.0
진주경찰서,20190313,136,146086.82,850155.68,955021.99,410123.23,139559.61,267497.33,387358.21,554258.21,558079.22,336400.99,118631.73
진주경찰서,20190314,180,150128.35,831766.83,950481.22,421294.78,136540.28,266972.03,387769.72,555236.1,556210.25,332732.34,118623.66
진주경찰서,20190315,187,141830.47,821048.12,923432.82,443887.21,148106.4,267442.67,389790.72,551380.19,542502.83,321463.26,109907.93
진주경찰서,20190316,171,144450.87,851522.07,1028443.91,427091.31,175956.09,273762.59,410985.49,562321.17,574440.86,338253.17,116189.87
진주경찰서,20190317,195,124172.41,709080.08,1021720.53,392664.87,155800.62,262971.26,366111.95,493393.21,540080.12,322950.59,106727.01
진주경찰서,20190318,189,147897.41,851157.39,941808.49,395690.28,136937.88,276553.57,373297.92,548360.01,557223.2,328368.98,116205.05
진주경찰서,20190319,168,147511.09,839597.08,955164.21,418992.33,133181.67,265442.61,383528.45,558598.45,562922.44,337658.77,120344.43
진주경찰서,20190320,172,139023.29,837395.13,940151.63,388022.93,139698.19,257022.85,372917.98,548703.28,549235.32,323795.13,113625.96
진주경찰서,20190321,218,148814.85,814092.2,927829.58,387557.35,132567.9,257700.53,374401.76,537279.7,537801.71,323075.58,115901.47
진주경찰서,20190322,158,137566.52,784612.66,852320.78,418639.44,144335.23,252438.27,352505.42,517739.68,514722.4,303875.92,107937.82
진주경찰서,20190323,205,132968.6,779177.91,911753.89,381786.58,165535.76,245582.02,362952.67,503330.92,511875.44,309256.86,107533.01
진주경찰서,20190324,176,109787.24,628186.17,922928.21,355937.06,150569.7,233393.98,321545.86,438374.37,482447.14,292862.98,98038.8
진주경찰서,20190325,152,122349.11,687043.89,860885.7,359159.47,122038.87,234599.03,323514.57,472250.86,476716.03,294816.99,105871.44
진주경찰서,20190326,167,130065.95,741639.78,762921.51,364027.68,116780.47,223735.67,317539.24,467489.9,475763.4,292709.18,105005.14
진주경찰서,20190327,212,142529.7,843769.11,947582.76,399053.4,139628.91,262260.11,380138.1,551480.75,553657.3,330098.08,116128.82
진주경찰서,20190328,184,147501.13,796417.37,905177.77,353819.66,128595.42,248428.98,361033.7,519323.24,519393.12,313418.77,113179.23
진주경찰서,20190329,215,139668.18,802827.55,832195.3,431246.12,143172.58,254240.84,362272.78,521658.05,515422.67,303894.3,105739.12
진주경찰서,20190330,221,138696.83,815342.38,970103.44,404433.85,170745.92,259672.35,386969.11,532826.03,543158.14,323755.02,111861.43
진주경찰서,20190331,181,116972.64,668623.67,972326.2,374287.95,153185.17,248182.62,343828.91,465883.78,511263.62,307906.75,102382.9
진주경찰서,20190401,182,133707.35,725986.28,824901.92,444180.57,144476.31,252635.66,339687.11,489956.87,488135.03,298791.81,115627.43
진주경찰서,20190402,157,138921.59,741324.44,839574.97,466784.7,145518.49,252461.21,349513.3,508667.97,502460.54,307904.86,120603.15
진주경찰서,20190403,196,142868.02,734164.18,855971.8,466267.03,152392.66,250823.26,353399.13,509070.39,506570.69,308700.59,118853.65
진주경찰서,20190404,193,155229.83,778400.35,905492.91,499189.2,165665.16,277387.19,374301.38,535117.65,534058.23,324705.89,127599.27
진주경찰서,20190405,196,169197.51,793494.48,971559.66,563538.61,197257.12,301373.83,404329.16,566216.43,559945.04,337680.44,131506.77
진주경찰서,20190406,298,180527.01,848781.98,1056314.39,538366.4,211204.96,313505.98,436330.39,583455.49,589692.06,355170.28,135108.59
진주경찰서,20190407,189,157838.92,633837.92,930174.37,444521.46,173625.31,261297.74,344720.06,464765.8,506487.72,307899.31,108049.58
진주경찰서,20190408,197,158493.31,791977.73,900168.99,497319.47,175318.84,293176.44,366477.65,527279.08,529386.78,326946.49,129913.61
진주경찰서,20190409,186,153851.92,785909.14,877816.64,452667.62,160822.26,273273.25,356964.18,520308.56,516574.88,317004.79,125827.32
진주경찰서,20190410,151,147542.77,761090.36,872651.51,472416.45,172453.05,273718.73,356524.0,512641.07,510293.61,309822.17,118774.82
진주경찰서,20190411,154,154866.77,773944.78,888774.88,493474.98,165658.95,276782.83,361245.35,523344.31,526083.63,328893.69,129581.69
진주경찰서,20190412,196,157962.57,790633.33,949673.93,542013.24,193661.67,285246.69,390925.8,554692.51,550540.57,336206.48,129529.62
진주경찰서,20190413,222,162850.41,805789.63,981567.82,513728.03,194869.4,275186.39,399937.21,546985.33,565650.92,349169.16,132609.18
진주경찰서,20190414,194,146630.32,626551.38,871766.65,455607.6,160945.79,251821.24,328637.57,447309.22,498831.45,306361.48,107110.71
진주경찰서,20190415,184,153040.87,790948.43,907868.22,478788.85,166688.77,292241.51,358992.75,527619.06,535716.43,321137.93,128773.96
진주경찰서,20190416,175,155245.52,775847.23,880873.36,486289.3,161112.24,278535.44,360764.38,525859.57,523593.38,322955.88,125953.87
진주경찰서,20190417,233,154416.5,771279.13,884774.95,493915.04,167078.42,278604.03,364170.12,527302.43,525360.63,318754.06,123647.25
진주경찰서,20190418,174,157592.38,774147.95,881499.3,501138.71,163035.12,281179.86,366207.7,527522.38,526950.5,322820.13,127178.24
진주경찰서,20190419,174,157826.52,781478.05,922697.17,518708.53,185877.22,281769.96,378414.9,543747.87,543226.25,323863.67,124313.73
진주경찰서,20190420,194,164570.02,780565.64,961598.68,514395.98,176273.06,275025.67,401011.15,537935.4,558007.27,344458.85,128913.06
진주경찰서,20190421,208,169089.51,635108.25,921982.74,471166.81,161632.73,259691.0,353237.37,470162.39,516823.15,319965.17,116316.51
진주경찰서,20190422,159,165119.72,782327.83,876311.02,489065.03,163035.42,289217.35,360744.94,523272.82,524232.85,324794.18,128056.28
진주경찰서,20190423,191,166119.97,772121.85,840382.17,450322.23,160265.44,265905.59,350938.46,514468.9,511326.76,307347.76,119230.17
진주경찰서,20190424,190,154106.65,757821.58,874233.91,477783.73,171766.7,268859.83,358675.5,516859.41,514247.83,312671.02,121397.21
진주경찰서,20190425,171,162137.85,751552.59,848695.27,468068.89,164045.9,269282.95,352367.96,510770.79,509410.39,305268.0,119854.52
진주경찰서,20190426,188,166958.61,763808.89,918060.36,500878.31,183939.8,276114.57,376203.79,533925.94,531272.15,321533.86,127250.98
진주경찰서,20190427,217,177141.05,806111.52,981061.64,513585.02,187811.29,281364.44,407004.85,548210.42,570627.69,350454.55,132906.61
진주경찰서,20190428,166,165607.54,648606.02,925724.07,486818.51,172031.14,262417.06,352804.37,474353.43,520423.92,328164.94,117040.92
진주경찰서,20190429,183,157087.2,742625.8,795284.12,426112.76,157894.58,264508.8,338378.3,485773.65,486242.74,282586.97,106274.86
진주경찰서,20190430,203,164909.78,764505.72,850333.97,475764.36,163249.0,269870.58,353242.68,515961.27,517280.57,313029.29,123398.71
진주경찰서,20190501,182,163579.21,698837.13,855254.86,468727.24,187981.29,248766.52,349633.13,492562.62,493965.66,297357.73,116623.22
진주경찰서,20190502,203,162813.01,751861.32,860916.98,487526.3,165551.2,271590.9,354327.22,515645.62,515145.86,314956.14,126389.15
진주경찰서,20190503,198,168367.83,753540.85,929140.53,558126.17,204368.33,287670.33,383871.29,544190.03,536870.48,324712.64,127979.8
진주경찰서,20190504,296,185426.22,804422.26,1035141.48,558085.77,228649.68,301243.3,437127.33,588442.86,569514.96,331791.69,126733.27
진주경찰서,20190505,197,164374.6,708471.21,1002046.06,553629.13,233551.93,287356.68,410513.96,547471.66,529611.63,305662.49,114804.42
진주경찰서,20190506,192,162617.68,657779.71,944671.76,492916.56,201061.75,276397.86,365471.3,505123.82,495714.19,296393.33,118292.62
진주경찰서,20190507,244,163699.47,756889.37,860285.54,501206.29,166232.48,273835.55,355546.81,517453.51,523234.28,318710.75,127567.17
진주경찰서,20190508,217,164675.01,763309.92,885344.55,508028.5,173658.2,273662.17,364113.2,530357.51,528595.87,323625.13,127850.51
진주경찰서,20190509,181,160328.49,738541.03,848103.09,437817.78,157562.05,258602.76,336798.44,498310.55,503743.85,306363.27,123922.97
진주경찰서,20190510,221,101573.91,621485.02,911200.53,521096.54,183478.85,259695.41,342538.65,491285.19,479859.09,286045.6,112956.42
진주경찰서,20190511,204,174425.22,747014.56,906097.78,513446.19,190485.84,269470.18,374721.1,526872.47,533658.95,323568.64,122641.78
진주경찰서,20190512,202,161799.67,697698.36,926152.54,470423.92,182846.75,267918.71,352389.11,488304.9,524287.07,318593.45,122178.33
진주경찰서,20190513,226,160631.23,770825.65,859321.6,474871.03,167824.11,288956.2,344146.89,511863.8,517786.57,312866.24,122696.28
진주경찰서,20190514,195,174003.54,750140.82,848957.96,493528.54,167359.51,280547.51,350245.9,514400.9,514376.95,314286.91,125895.28
진주경찰서,20190515,228,167060.38,759289.76,867869.29,495675.56,182541.74,281812.6,351789.05,516243.46,516898.9,315385.38,125706.65
진주경찰서,20190516,216,170283.06,747410.15,843395.43,497771.91,167340.78,279296.66,349885.25,514565.06,513115.82,311491.92,123662.46
진주경찰서,20190517,237,168780.09,762921.57,903931.5,534645.82,196214.7,283380.53,373790.12,537176.54,538777.79,317073.07,124345.97
진주경찰서,20190518,231,160484.62,662565.73,801658.69,438476.64,166340.21,244663.89,336778.04,469162.53,468705.82,275793.69,102168.94
진주경찰서,20190519,209,147039.81,545544.18,799705.74,408472.58,153928.33,235506.81,301150.24,408182.63,443459.49,263945.88,95018.03
진주경찰서,20190520,206,154794.18,727061.65,840282.48,479170.61,165379.91,278597.03,338743.32,499698.02,498248.97,303147.0,117985.9
진주경찰서,20190521,183,162844.98,740023.89,840577.64,499557.49,161071.35,276296.52,346268.5,509722.8,515336.56,311884.31,122921.96
진주경찰서,20190522,220,162438.83,740111.35,842234.29,493568.92,169685.63,268010.4,347382.5,512657.81,510870.99,310135.62,120101.42
진주경찰서,20190523,226,165098.82,733044.45,826041.19,493531.79,160233.15,267559.87,345500.18,508258.11,509319.96,307934.34,119406.73
진주경찰서,20190524,253,165793.79,735352.45,880536.95,543997.73,182213.04,277108.52,369147.41,533006.34,524532.14,316695.36,123458.99
진주경찰서,20190525,231,176885.32,753903.92,898244.7,505758.73,199434.7,266718.25,377698.03,527123.69,532629.96,314431.15,117203.24
진주경찰서,20190526,227,160958.59,595429.11,852506.83,475697.51,175464.65,251677.46,332303.34,448260.37,480344.24,290580.39,106401.12
진주경찰서,20190527,184,148168.89,674510.19,753115.85,420780.87,153171.59,258329.15,313786.43,463493.31,453139.4,259206.41,95960.31
진주경찰서,20190528,198,159468.98,737174.29,839074.73,494781.8,158410.42,273922.92,346780.35,508441.08,512790.01,308639.96,122008.96
진주경찰서,20190529,230,172397.65,737546.9,845917.98,499798.62,168661.08,277415.98,350546.98,517758.7,515682.12,307389.05,118712.34
진주경찰서,20190530,177,176334.88,722756.48,828266.16,478502.02,161499.1,272556.36,345266.57,508403.72,502883.34,300719.61,115023.5
진주경찰서,20190531,225,161943.08,703358.51,849427.69,525477.11,177712.58,270885.07,356973.88,515285.69,507135.03,299571.99,113121.63
진주경찰서,20190601,253,182467.05,757340.72,926134.62,515258.0,198622.07,278274.04,388540.35,538214.91,542442.11,317690.99,117859.62
진주경찰서,20190602,180,176618.18,614114.04,884973.83,500816.61,179377.41,264737.72,353416.22,469883.01,498230.27,301541.88,109776.85
진주경찰서,20190603,165,172415.05,776614.61,863291.23,503434.66,167927.97,290744.63,362898.86,524504.85,527443.58,320051.13,122668.72
진주경찰서,20190604,219,175733.85,761703.79,863214.28,514070.78,165401.71,284925.96,369439.72,528626.79,527577.77,318504.84,120750.5
진주경찰서,20190605,215,177962.05,774663.85,912227.83,563562.27,194840.56,300394.7,386592.41,551406.46,544653.1,328644.81,122365.65
진주경찰서,20190606,236,190866.59,692205.84,865172.14,444403.42,175328.68,253151.42,359416.16,494905.44,499628.11,298265.27,112433.39
진주경찰서,20190607,224,149692.24,704544.76,899994.97,495202.66,167890.87,272594.16,371398.16,518439.46,508696.47,299293.65,111614.41
진주경찰서,20190608,237,226476.21,748480.16,933373.58,529646.2,200820.76,281966.11,406195.17,551335.78,549870.63,324698.33,123533.94
진주경찰서,20190609,198,168502.0,593076.55,867879.92,494514.03,172283.82,259519.08,347374.76,464268.9,483480.37,292585.6,104921.19
진주경찰서,20190610,207,173611.09,787105.77,885910.99,497915.83,169677.89,296505.36,363156.79,533971.66,539031.96,320985.89,121711.06
진주경찰서,20190611,179,173027.83,764134.86,863929.45,505820.91,164677.75,282686.83,365349.48,527199.81,525571.95,319220.97,122681.27
진주경찰서,20190612,186,190614.8,788782.91,897235.64,533372.58,180342.62,292929.0,381690.37,548977.97,549855.9,330379.6,126333.58
진주경찰서,20190613,198,183774.61,778969.96,874754.06,529526.04,172455.7,291544.6,372096.51,538573.16,539573.42,326465.78,126793.57
진주경찰서,20190614,203,184723.49,794590.3,925183.21,540397.36,181907.76,289728.45,395015.05,560549.61,558919.61,332095.58,127174.83
진주경찰서,20190615,228,185676.62,809127.02,943279.24,556291.69,202631.35,293947.07,413033.63,561032.06,565005.12,333353.35,125818.25
진주경찰서,20190616,201,185156.82,600618.6,887892.42,506791.73,178572.99,268099.55,355682.45,474752.29,495948.11,297629.15,110243.14
진주경찰서,20190617,191,181498.6,784957.83,882694.91,528881.61,170583.03,283746.7,374535.39,545230.1,543592.94,331219.98,129619.25
진주경찰서,20190618,182,184358.79,773729.9,878250.18,527263.2,163657.41,276300.69,375414.97,544584.79,543147.76,331808.6,129177.52
진주경찰서,20190619,209,182526.5,768433.98,892721.48,517913.1,166185.53,273712.81,377801.41,547137.38,542248.6,329453.8,125561.66
진주경찰서,20190620,206,182294.56,764432.67,871848.16,538148.15,161533.08,270493.8,378875.59,547999.67,543645.5,328103.5,126583.0
진주경찰서,20190621,259,192408.07,779395.77,927256.66,597139.14,180361.68,288647.38,407106.98,576725.07,569320.19,344478.26,130043.35
진주경찰서,20190622,244,194759.97,768360.6,953289.21,543778.39,201318.57,287213.4,412741.55,561446.87,552189.74,325101.81,120627.67
진주경찰서,20190623,174,174227.42,615805.74,885911.39,519478.55,174969.27,266628.39,362560.52,480734.16,499207.42,300781.73,111001.21
진주경찰서,20190624,204,179123.5,771979.35,879894.33,521161.1,163322.92,272731.76,375240.86,542715.68,542699.71,329054.18,126881.25
진주경찰서,20190625,212,182524.54,770604.73,878015.48,541812.9,162641.84,269534.51,380952.15,552533.62,548585.43,332070.06,127126.95
진주경찰서,20190626,207,176462.7,724168.4,782192.72,442892.3,153749.46,242173.15,346454.84,501868.75,493031.84,284752.37,104192.86
진주경찰서,20190627,225,161729.43,729012.54,861258.13,532305.57,165477.72,262770.31,374363.74,535677.06,520919.48,308624.0,116979.61
진주경찰서,20190628,251,197995.87,794336.73,936596.91,601770.68,189851.29,295185.47,413434.22,584772.83,572580.21,344539.21,130834.09
진주경찰서,20190629,267,196619.23,696558.85,835739.16,452979.23,175999.11,263268.84,370460.1,506217.4,490788.61,276397.88,99210.06
진주경찰서,20190630,195,173190.91,591938.34,879916.37,513759.73,176570.4,268622.63,360430.85,476157.84,485600.55,286133.92,105751.16
진주경찰서,20190701,172,188091.01,751217.62,842190.05,495672.1,172477.3,264603.8,357385.16,520914.12,524323.92,315245.42,122662.36
진주경찰서,20190702,207,185495.66,749344.73,849051.25,523582.15,175663.58,265562.38,368063.61,528506.28,526767.32,319764.36,123598.02
진주경찰서,20190703,205,185832.92,730079.59,849453.46,505312.7,177494.34,258093.65,357057.55,518691.17,522843.67,315124.06,121832.13
진주경찰서,20190704,228,189880.14,757592.74,857416.31,531333.39,174315.03,267623.91,376590.32,540260.03,537287.8,317245.4,123355.35
진주경찰서,20190705,217,189901.01,767078.76,911745.87,585719.7,192509.28,285699.21,400045.25,563327.82,557073.46,329876.09,126356.6
진주경찰서,20190706,240,199154.09,757683.6,920411.99,560572.6,211800.11,282542.39,400457.63,555496.79,549752.2,317346.5,120840.9
진주경찰서,20190707,225,181760.32,612578.74,885147.56,512619.86,193225.27,267780.28,359365.77,479808.14,490484.84,292343.52,109517.48
진주경찰서,20190708,214,184053.68,780536.11,879435.87,509311.23,177761.82,275644.0,368953.57,541440.51,542288.16,322060.54,125643.9
진주경찰서,20190709,207,187142.96,769218.9,880620.04,527627.66,172562.72,264980.6,376529.55,547188.85,546170.52,330386.25,127256.74
진주경찰서,20190710,192,188420.6,748967.96,867897.38,519373.82,177905.94,263945.27,369818.13,534488.11,534815.95,320741.52,123407.1
진주경찰서,20190711,190,173833.77,750774.49,863127.07,533156.92,175174.23,264768.82,373754.96,533900.13,532412.06,319047.66,122298.08
진주경찰서,20190712,223,190514.72,789236.13,924971.29,583297.12,192302.34,286637.01,403498.29,573872.62,566511.15,337401.02,128245.24
진주경찰서,20190713,246,194067.66,772995.03,919701.16,532975.31,232918.33,273622.79,392280.17,547822.83,540274.8,316189.75,117040.52
진주경찰서,20190714,177,172321.45,621675.92,901097.45,488153.46,195494.93,262655.4,351135.93,477962.98,497839.79,292024.39,106554.97
진주경찰서,20190715,175,186825.16,772254.09,879728.41,519127.64,177884.27,273519.57,372982.95,542646.11,543087.52,322531.46,125736.8
진주경찰서,20190716,208,186292.84,763255.36,867084.15,535974.23,172944.9,267078.59,377659.89,545789.37,539119.58,324872.76,125607.14
진주경찰서,20190717,225,191007.94,767856.13,886341.02,533434.79,178317.44,269796.81,382578.62,550284.98,546788.16,326358.92,124982.04
진주경찰서,20190718,227,177051.92,729393.56,835997.88,506299.15,181224.97,254745.91,365935.23,526497.37,512809.72,296547.63,111459.51
진주경찰서,20190719,198,170862.93,733541.0,845760.65,495480.83,187198.45,262183.74,372502.08,524891.74,505997.95,287549.72,105794.16
진주경찰서,20190720,276,169428.79,580038.46,752056.76,426522.63,156722.23,237762.03,331273.08,448780.05,433885.11,235617.15,84406.9
진주경찰서,20190721,195,157829.12,567151.07,871060.65,498246.87,177054.54,257277.34,343136.98,461145.85,472619.62,279727.13,103741.94
진주경찰서,20190722,212,189596.39,763971.79,880020.74,528943.74,178006.67,271394.98,377012.22,543851.62,543886.74,323002.29,125829.67
진주경찰서,20190723,210,186327.18,754992.06,873754.57,538588.29,173875.49,268995.85,380942.94,549330.76,538971.55,319724.73,122293.99
진주경찰서,20190724,260,188493.81,753325.66,890875.0,524701.37,176437.01,268691.95,380289.8,546631.4,541505.28,321565.63,122742.3
진주경찰서,20190725,212,189158.56,746915.54,879828.06,532844.72,174634.06,267690.66,381428.31,545011.9,538764.26,320183.64,121500.55
진주경찰서,20190726,221,188697.59,755739.32,929270.17,564824.43,185507.22,282592.22,404075.77,563576.91,553045.39,327562.97,122630.83
진주경찰서,20190727,214,194615.26,746807.09,902021.61,514718.5,192118.51,276630.99,394926.76,540321.41,531606.87,309016.23,113965.62
진주경찰서,20190728,194,174605.92,614780.42,863427.34,510145.15,181789.83,264691.24,359261.47,475854.97,490643.26,286703.69,104426.66
진주경찰서,20190729,179,180843.12,768542.75,881593.07,527431.44,178838.45,272965.52,383054.34,546361.17,537647.19,319197.98,120800.08
진주경찰서,20190730,191,187442.68,752223.48,884960.07,549872.22,177179.53,272737.35,390582.84,552304.96,540752.68,318744.82,122656.84
진주경찰서,20190731,216,189998.27,764024.94,894964.52,555000.35,187281.47,273306.97,396946.25,561930.48,545916.22,318220.94,120865.45
진주경찰서,20190801,236,193023.65,790910.64,912082.92,508101.13,194538.0,278034.31,389767.38,554189.69,547378.48,319543.28,121082.84
진주경찰서,20190802,233,197275.21,788754.47,950752.11,596116.34,205817.36,301386.13,419940.29,579750.36,570308.02,332614.14,123512.39
진주경찰서,20190803,229,202887.3,805215.84,951729.39,559296.86,215768.11,304616.54,425282.13,574028.4,562086.54,319925.59,117829.86
진주경찰서,20190804,203,180153.6,647247.68,894609.43,545995.41,204016.78,288862.54,380554.42,500840.15,501833.07,286594.56,105697.01
진주경찰서,20190805,205,190449.06,822943.76,946260.01,534289.26,204487.34,300057.12,400521.06,573416.21,566781.18,325202.75,123908.22
진주경찰서,20190806,247,190883.08,787682.04,929461.71,464374.43,189496.47,273856.41,390463.36,550586.52,535144.39,313094.32,120200.02
진주경찰서,20190807,201,173751.87,754078.88,906144.14,540349.35,192234.38,276772.11,393652.89,549818.85,534907.28,311770.06,115614.62
진주경찰서,20190808,181,195279.07,790981.25,898228.93,540243.2,193688.86,279991.61,399789.93,560076.04,547673.97,322230.0,121729.23
진주경찰서,20190809,175,194546.25,811227.15,943020.29,578971.1,200951.42,296306.93,413962.55,584252.14,576912.85,332115.69,123694.15
진주경찰서,20190810,231,201031.12,766435.07,885426.49,546419.91,199320.51,289307.49,399293.87,540487.99,541046.14,312788.25,117475.11
진주경찰서,20190811,247,180984.44,615424.17,862491.81,505953.56,183317.13,273676.03,353077.5,469706.62,492439.21,287866.4,105162.02
진주경찰서,20190812,187,183736.73,771903.5,880411.58,514199.64,181866.8,272707.5,378811.76,538886.7,537050.42,321246.96,120123.01
진주경찰서,20190813,197,190991.58,774121.91,879725.0,526626.46,184241.45,271584.32,383050.06,547929.4,542164.59,321673.21,121255.66
진주경찰서,20190814,224,192673.12,771632.11,906714.53,562512.33,189890.99,283153.34,397268.2,558986.28,554247.51,327676.89,122749.41
진주경찰서,20190815,221,190762.42,660316.9,837849.54,497885.45,172877.79,260819.34,357620.22,489437.79,499564.39,296355.81,110583.75
진주경찰서,20190816,184,186391.84,776561.92,918371.39,571660.08,189129.9,288782.36,404376.84,558485.78,556404.81,332387.02,123848.84
진주경찰서,20190817,207,196645.29,753190.45,894302.54,540770.43,193949.67,284763.38,396824.15,544184.28,534757.04,313875.18,116952.84
진주경찰서,20190818,192,177348.7,612794.61,857182.8,515331.74,176254.91,271056.27,356615.25,471102.49,490121.25,293089.26,104806.42
진주경찰서,20190819,198,184587.84,775733.15,868830.67,509869.02,178471.87,270862.19,371615.44,535383.46,535391.25,323276.18,124466.94
진주경찰서,20190820,206,185855.84,775838.07,882360.11,521872.57,177607.55,271076.54,376741.36,544359.77,545503.46,326928.36,124154.87
진주경찰서,20190821,196,181724.35,757050.65,865185.85,482288.5,175362.82,262818.24,368192.8,529453.68,524150.2,311088.41,115617.91
진주경찰서,20190822,185,169638.95,709146.82,840463.01,522413.28,172086.57,261488.51,367482.98,520999.76,510371.69,299149.48,110538.26
진주경찰서,20190823,240,188170.3,776751.2,930657.62,580100.93,189055.77,292447.66,402777.86,564009.15,563457.82,337705.71,126651.36
진주경찰서,20190824,296,198495.94,775657.08,935857.73,542542.91,196345.42,286047.05,402583.93,559682.65,555975.55,328346.76,123972.92
진주경찰서,20190825,186,180908.42,648731.46,883077.67,481717.47,176597.58,269359.29,356286.08,480090.24,500731.52,300779.34,110987.97
진주경찰서,20190826,166,185611.45,788900.64,880967.22,517242.4,179496.93,281455.51,373893.1,541281.13,542951.86,327239.97,126832.71
진주경찰서,20190827,223,171136.28,740751.99,840962.71,490497.61,171478.32,265039.21,358844.48,520480.68,516997.95,299567.21,111393.32
진주경찰서,20190828,211,178140.17,759730.32,891596.25,514150.24,179043.41,276334.72,372276.91,538732.73,534055.57,320689.58,122923.59
진주경찰서,20190829,209,179965.9,763318.24,866917.98,507527.91,171893.24,273671.54,372657.31,533111.81,528685.07,317721.42,120440.11
진주경찰서,20190830,269,180295.22,776488.44,939755.76,582157.1,189170.62,294776.97,398638.32,564687.73,561359.89,341758.72,128747.37
진주경찰서,20190831,271,200346.36,798123.47,977412.69,544315.11,198741.05,287330.67,408343.68,575180.97,577193.95,342818.24,130992.94
진주경찰서,20190901,190,184467.92,684668.0,908972.4,448102.86,176940.19,267662.23,355956.83,489077.91,511341.66,308469.33,117169.46
진주경찰서,20190902,201,165182.17,764919.08,863537.74,466691.8,174973.63,295430.63,351630.88,516018.69,511643.36,298343.71,112714.78
진주경찰서,20190903,233,165623.07,732398.99,869566.28,482620.82,170388.92,281001.54,359417.28,521588.52,506952.54,297923.34,113375.44
진주경찰서,20190904,225,164290.86,766666.26,891800.15,497744.19,175702.38,289287.25,369558.76,530373.2,523674.05,312274.72,120061.67
진주경찰서,20190905,242,166605.99,778679.29,898439.75,523871.88,174061.77,291407.6,378386.45,538973.61,535003.07,323981.51,126202.16
진주경찰서,20190906,212,177299.68,798795.47,1038024.88,550065.67,206524.58,310654.73,418098.03,588789.88,576612.68,335938.63,127978.51
진주경찰서,20190907,223,162431.4,551705.81,795516.26,481752.25,155351.12,240356.39,334523.53,456094.48,451302.32,258420.07,95747.95
진주경찰서,20190908,210,166431.77,604104.82,852682.56,455345.03,172589.78,253514.43,338969.32,451262.4,469555.19,283834.07,109224.16
진주경찰서,20190909,218,166953.46,812674.78,961327.81,520197.52,181086.4,306208.0,387457.19,561797.62,555842.44,337875.24,131312.93
진주경찰서,20190910,232,187567.33,821358.58,945209.88,550465.45,181791.86,306741.43,403402.32,573448.37,567634.8,342525.73,129468.28
진주경찰서,20190911,273,190572.97,830368.04,1071009.92,669333.28,224854.46,365537.9,464072.57,631469.1,598922.34,346555.77,130282.27
진주경찰서,20190912,269,228669.83,832752.17,929601.83,525060.98,230089.23,350227.25,449088.78,574343.36,538349.3,274437.24,99938.83
진주경찰서,20190913,212,186598.8,962403.6,1234115.62,580088.43,313573.55,433207.09,542135.05,660956.71,606852.42,300743.36,106116.86
진주경찰서,20190914,233,183062.33,695731.78,995004.8,559891.37,235062.25,342769.23,434226.91,541956.92,504187.51,274831.4,101040.19
진주경찰서,20190915,214,180629.74,595563.78,902215.22,493854.8,201587.08,308830.06,374578.18,463460.42,457056.6,265085.18,102042.35
진주경찰서,20190916,200,179429.8,811440.22,921254.71,516035.4,183440.28,313795.75,387274.75,546222.11,541778.24,328838.87,127233.18
진주경찰서,20190917,198,188321.18,808852.37,915591.23,527541.88,179010.85,303765.75,386753.75,553061.3,551608.53,335188.45,131344.0
진주경찰서,20190918,204,182863.42,806257.32,928366.27,534641.3,187782.72,303121.08,388846.37,557450.43,551263.55,333242.01,130846.4
진주경찰서,20190919,176,183090.17,807231.76,919681.29,532422.29,183859.96,303622.39,386142.13,554237.64,549743.43,333377.76,131849.79
진주경찰서,20190920,255,184444.93,797043.06,962833.94,561326.34,197151.12,303862.6,399694.66,567839.26,563594.45,340816.42,133091.52
진주경찰서,20190921,198,179473.2,712918.56,827664.1,433301.88,182492.72,261690.19,355650.55,489248.57,485745.08,276536.49,102378.16
진주경찰서,20190922,169,146394.33,451114.77,610113.55,334177.15,131463.48,210613.61,253682.9,335522.77,344373.0,193535.46,72985.2
진주경찰서,20190923,219,164026.76,799290.47,908900.03,494562.4,179715.77,298275.68,371866.83,537911.55,534000.47,320087.55,125338.36
진주경찰서,20190924,323,176104.55,805864.74,932312.73,530887.74,180078.61,302196.86,387781.23,551752.6,551747.09,338417.73,133619.12
진주경찰서,20190925,215,178917.96,832916.18,946879.74,524969.29,184121.19,307463.1,393328.16,562355.72,560517.68,341213.73,135103.78
진주경찰서,20190926,230,182572.9,803825.73,914621.43,526078.26,177976.58,301795.73,384449.33,551339.79,546285.7,333491.26,132176.02
진주경찰서,20190927,218,175590.91,799299.66,954189.46,538991.31,192997.23,298854.51,396972.31,563030.79,551839.25,332223.69,132562.64
진주경찰서,20190928,233,172984.3,742192.73,924324.72,498272.11,187517.91,270789.47,385955.96,526140.19,534029.87,315179.21,118527.66
진주경찰서,20190929,220,168260.33,623588.9,884866.77,489294.92,174405.17,266857.6,352231.38,467894.37,495343.38,297601.92,112058.38
진주경찰서,20190930,248,177612.1,763675.61,878327.93,498327.36,176203.53,288123.54,364231.71,523977.84,523902.45,317427.46,124502.26
진주경찰서,20191001,224,189069.95,744044.24,847733.58,489404.84,181625.84,283588.61,361114.85,523645.77,507721.93,298405.01,114568.55
진주경찰서,20191002,212,162279.74,696002.65,806143.32,434952.89,183066.81,275906.59,347232.71,492218.3,458469.64,249360.84,93538.88
진주경찰서,20191003,261,165287.73,631190.78,869681.85,540756.68,183660.41,262980.42,365391.81,491519.4,491154.47,296236.32,116375.89
진주경찰서,20191004,261,222476.79,809261.64,1036805.13,656998.51,217075.85,334600.67,448714.6,612865.02,603607.74,364676.03,144378.74
진주경찰서,20191005,291,200263.51,830753.25,1133927.88,739407.81,243557.15,345100.11,504413.19,635933.32,639996.33,389030.66,146706.89
진주경찰서,20191006,391,195148.4,683832.86,1052885.15,561608.96,205144.71,304831.94,412377.74,526505.0,562435.68,351400.21,131140.34
진주경찰서,20191007,197,176285.58,764729.19,913158.59,488008.2,177025.61,302098.45,371019.68,531546.07,523800.8,314191.6,122896.21
진주경찰서,20191008,243,179127.87,828813.63,1002923.47,627797.52,209558.15,330747.81,420065.68,586312.78,586445.79,360647.61,145257.34
진주경찰서,20191009,340,190369.35,705165.57,987344.85,579222.47,187067.52,292864.18,404240.45,536699.04,557538.96,348193.82,135868.23
진주경찰서,20191010,249,177860.98,819685.8,976157.3,587208.76,193113.45,318751.62,402924.66,567375.03,574414.03,358288.71,146423.85
진주경찰서,20191011,240,180938.85,814793.26,996290.99,591245.26,211729.86,316517.63,413703.19,579117.37,576937.04,350084.77,135551.76
진주경찰서,20191012,237,192288.14,825399.97,1073704.51,631629.91,228452.67,320855.9,461857.08,604825.0,604282.81,363346.14,139780.21
진주경찰서,20191013,222,181706.74,673487.68,1006655.78,606710.03,203321.29,308286.41,410390.84,520879.35,554520.46,344211.31,127326.55
진주경찰서,20191014,177,180811.78,812938.05,916580.55,497402.04,183031.85,307632.39,380620.7,541214.71,540993.11,325232.02,129402.68
진주경찰서,20191015,195,175267.12,813786.12,925677.11,501365.18,183098.25,298395.97,382586.78,550942.43,543172.53,327120.53,131166.44
진주경찰서,20191016,177,177259.29,809587.9,941232.34,507248.83,191122.82,305155.03,385965.22,550248.8,544550.6,328147.55,130524.68
진주경찰서,20191017,180,176646.54,807248.1,930613.46,507208.79,186783.92,304691.75,383459.72,549647.82,542723.64,325487.54,129298.96
진주경찰서,20191018,195,177044.63,788163.99,915738.32,519747.43,203305.24,293822.8,389157.8,553201.89,533247.86,310742.51,117587.68
진주경찰서,20191019,238,184312.63,820046.49,1013480.91,523851.69,213348.06,296611.59,419300.85,573716.66,568569.19,337661.51,132853.44
진주경찰서,20191020,225,172367.37,668782.04,976621.17,509435.29,186225.2,283033.22,376922.29,503954.14,533842.0,324585.64,119021.43
진주경찰서,20191021,194,180096.02,830108.7,952732.0,508053.38,187712.91,320782.91,386701.44,557837.2,556035.38,330079.1,132235.58
진주경찰서,20191022,196,177759.8,818654.83,933286.39,520747.26,186829.38,306975.01,385975.77,556714.84,549243.93,332030.36,133075.29
진주경찰서,20191023,203,177078.86,812037.32,939964.58,497469.88,188946.83,301421.06,385211.75,549687.04,544293.17,329296.17,128079.35
진주경찰서,20191024,205,175463.45,807129.03,931943.54,515022.22,189752.16,301574.43,385312.48,551070.08,542626.01,327798.65,131811.25
진주경찰서,20191025,212,181236.65,840702.51,1025030.15,596532.31,215197.1,319675.64,417543.76,597436.33,587977.71,361055.27,144983.81
진주경찰서,20191026,224,193732.46,873686.06,1046088.62,535568.01,216275.1,308921.02,438516.31,595509.07,593765.42,357704.43,138757.61
진주경찰서,20191027,203,173889.81,714655.38,1016814.67,515050.35,195264.24,292027.48,392375.4,527340.54,549770.1,338717.6,125279.27
진주경찰서,20191028,142,180769.97,820120.25,937027.16,500217.55,181636.3,305249.6,384633.81,550293.57,550128.09,332798.46,133780.0
진주경찰서,20191029,172,177277.55,815559.76,941272.38,509282.25,183396.11,300186.17,386006.71,554628.15,550711.14,335008.71,133836.15
진주경찰서,20191030,177,139504.95,668183.93,779720.17,404535.77,134397.87,213288.58,318479.93,463836.63,467104.36,282616.07,112607.41
진주경찰서,20191031,214,178429.27,810126.92,940561.24,514899.92,184448.18,298789.88,387757.02,557762.57,550092.98,332579.71,132976.25
진주경찰서,20191101,192,179846.16,813141.58,1009847.81,563033.07,210659.79,311788.79,412608.99,582255.26,571052.12,344969.37,132900.15
진주경찰서,20191102,214,191037.84,858858.89,1042370.7,529943.89,217714.97,302401.56,428225.0,580368.82,595644.98,359942.61,138295.36
진주경찰서,20191103,176,172649.83,717821.91,1052985.91,533185.16,203973.28,305920.66,394773.38,527989.13,569411.99,348970.87,125988.21
진주경찰서,20191104,200,181774.67,830155.36,956451.83,505163.21,191576.92,311091.33,387816.55,556949.02,555853.69,335905.22,134735.06
진주경찰서,20191105,181,178158.05,837238.14,975458.23,522487.72,191866.15,307961.38,397668.18,567334.07,563831.46,347380.82,137682.3
진주경찰서,20191106,207,177155.88,847536.69,1001042.78,516367.33,197335.31,311991.98,397124.02,569638.05,565897.59,356263.33,144238.88
진주경찰서,20191107,181,177774.88,845340.59,990029.22,522547.32,190726.18,310791.5,397356.7,566771.16,570940.64,356285.11,143201.27
진주경찰서,20191108,188,179750.52,842251.38,1021830.69,562514.85,204590.63,315388.47,417689.38,591218.65,581615.16,356984.09,139238.24
진주경찰서,20191109,294,187916.03,891720.54,1135743.97,529601.94,225702.3,312700.06,449892.53,611446.46,619452.43,379139.84,147041.44
진주경찰서,20191110,174,168436.74,731814.79,1095079.26,506599.63,200661.98,292550.03,398973.83,536545.46,577779.62,359613.23,136191.55
진주경찰서,20191111,184,173113.53,855579.2,987016.04,505573.15,197193.9,318432.46,401519.49,563733.58,559179.49,344328.31,137272.28
진주경찰서,20191112,170,176972.07,829342.67,958834.79,511846.63,188898.34,302998.34,389641.21,561864.73,555480.26,343300.33,135187.44
진주경찰서,20191113,184,174213.99,823679.24,959715.81,495610.34,204444.97,303236.01,385709.57,554923.6,546182.24,330487.99,128623.44
진주경찰서,20191114,169,175423.34,795890.24,949448.79,495173.89,183949.19,300725.1,381598.14,551437.44,543124.19,327127.47,128367.56
진주경찰서,20191115,212,174785.78,807239.73,1002848.8,542686.35,204574.12,311255.72,404468.58,571359.75,561649.88,342095.48,132534.25
진주경찰서,20191116,254,182969.68,809825.75,1043556.65,512049.12,210807.24,294745.85,414983.14,570624.78,575127.55,348621.99,133877.21
진주경찰서,20191117,189,165412.86,684528.52,961368.61,470921.47,186464.1,277099.41,358562.66,492268.46,526417.57,322342.44,119469.54
진주경찰서,20191118,165,171360.25,814425.45,940869.62,483440.76,188167.74,307510.47,376503.12,546275.22,537537.56,326111.73,128372.21
진주경찰서,20191119,188,171630.64,813165.39,940906.14,491476.38,187985.95,299739.13,381371.59,552195.29,541926.72,326522.47,127826.42
진주경찰서,20191120,172,171892.95,808987.86,959312.33,496285.73,193400.84,298950.61,384718.59,556789.78,544070.73,330251.05,128682.27
진주경찰서,20191121,196,171378.79,805742.52,942731.11,497595.75,189127.24,301055.36,381660.04,547990.14,543096.45,328629.71,126289.72
진주경찰서,20191122,213,173454.44,812803.59,990366.96,540502.23,200261.83,310345.4,403031.08,574439.91,565122.55,335202.48,129126.69
진주경찰서,20191123,222,181487.36,796332.99,1012476.16,507646.12,204093.04,297063.14,414202.73,556616.28,562181.27,337286.63,126895.02
진주경찰서,20191124,210,163572.28,625118.65,959730.96,475084.47,184398.95,278537.78,359854.61,479271.36,504944.92,305299.21,111588.42
진주경찰서,20191125,161,173168.06,805524.32,925332.85,482515.3,184318.38,303564.51,375247.46,539560.66,535013.03,323616.7,125608.03
진주경찰서,20191126,184,170378.28,805360.95,941220.14,495141.78,181200.43,296828.04,381134.12,548057.02,545915.25,330725.26,128628.92
진주경찰서,20191127,175,177112.83,805583.93,940967.69,495143.17,186953.79,302104.74,384482.17,549141.81,545252.11,326213.05,125047.04
진주경찰서,20191128,188,172813.73,801269.91,930949.98,495924.39,185652.44,299474.38,378830.62,544853.52,544173.88,323649.1,124713.8
진주경찰서,20191129,203,172099.22,794937.81,986181.41,541502.74,198397.45,306524.37,402700.46,570149.35,560645.71,330131.01,126562.75
진주경찰서,20191130,197,178180.94,778111.92,990884.83,497354.35,198392.46,293104.89,405976.03,552408.19,552830.41,321340.05,120873.16
진주경찰서,20191201,176,162098.78,586155.21,848659.5,424239.74,170998.44,259998.38,333939.15,448630.73,456875.28,258670.25,92441.57
진주경찰서,20191202,181,168541.76,797326.1,919970.9,471625.68,189590.66,295685.73,368242.99,531291.51,530012.19,318252.91,124785.61
진주경찰서,20191203,166,171136.82,793475.63,929965.58,482160.08,189126.1,290245.72,373729.54,541112.85,537395.14,321028.12,124491.33
진주경찰서,20191204,163,171681.91,792907.85,940213.27,489031.82,195259.51,293244.46,379136.39,546373.94,535227.16,320756.11,124224.8
진주경찰서,20191205,179,171975.63,793692.24,930223.7,489632.29,187061.34,293217.35,378681.77,544516.05,538331.88,321070.75,123042.44
진주경찰서,20191206,157,164130.25,770173.84,962634.94,530725.08,202708.99,297458.18,393917.51,553834.4,542013.94,317524.9,120580.69
진주경찰서,20191207,196,172428.4,777379.1,1003602.7,503807.68,211189.44,291878.94,407561.77,559871.52,552515.64,318148.16,116434.81
진주경찰서,20191208,195,162269.53,627169.09,947334.16,455248.21,190749.4,275293.12,357731.92,483391.13,489475.26,290716.19,105042.44
진주경찰서,20191209,186,167126.46,793477.4,925322.66,478145.44,188810.84,293248.97,372490.61,536182.27,528943.43,320021.6,124747.84
진주경찰서,20191210,196,170416.99,790900.91,932050.68,496914.08,186468.43,292699.64,377447.98,544441.96,539044.9,324802.66,125749.04
진주경찰서,20191211,228,174956.99,795806.22,941296.43,496536.99,195469.67,295405.49,381548.32,549361.82,540116.09,323283.41,123788.58
진주경찰서,20191212,173,174270.62,790162.21,929614.31,498656.67,185888.53,291622.61,379610.34,547537.7,539965.57,324063.29,124394.46
진주경찰서,20191213,186,170873.45,791265.26,979672.42,537711.37,204439.27,298514.66,398733.38,569068.78,555964.61,327590.38,125574.71
진주경찰서,20191214,196,173688.95,763082.74,983640.95,497156.61,206451.3,281153.75,393335.93,554432.51,545115.31,317592.31,119853.57
진주경찰서,20191215,210,161956.61,614459.22,931938.68,452755.65,185475.48,265564.4,351889.19,474161.3,489827.49,288396.84,106187.45
진주경찰서,20191216,198,169947.03,789272.93,930470.9,480643.21,185416.26,282226.12,372653.17,541511.14,540291.18,322518.54,126100.72
진주경찰서,20191217,192,164987.67,773458.5,908531.24,490215.15,178054.49,270655.31,373675.38,540262.45,536054.7,316091.21,122792.24
진주경찰서,20191218,170,172620.54,776390.78,933093.65,501458.38,181892.49,273616.74,381307.95,551373.11,541551.79,327010.46,127194.3
진주경찰서,20191219,202,167971.46,766344.29,908587.69,490200.44,179939.84,266470.78,374825.59,543093.74,532854.52,314748.6,121542.54
진주경찰서,20191220,182,170717.74,783495.73,965278.29,535067.8,194528.69,283469.93,398213.62,568315.8,558023.62,326005.57,126374.82
진주경찰서,20191221,211,178500.24,740924.1,972566.43,503168.03,197955.93,283931.27,392955.65,537831.72,543899.33,321494.55,117467.91
진주경찰서,20191222,212,162732.85,597323.31,897556.59,446074.28,178843.67,262132.68,336622.68,459807.13,474966.6,284569.94,107139.79
진주경찰서,20191223,193,168472.54,774495.51,930401.98,490458.96,181483.27,275737.73,378246.64,544241.84,538000.63,322624.48,123874.0
진주경찰서,20191224,217,169597.8,768004.44,971483.11,549264.88,196487.68,289591.71,403275.75,565750.54,548506.26,328801.93,126303.73
진주경찰서,20191225,170,140057.59,488013.85,750463.87,376258.48,161591.45,208772.0,282621.1,390525.23,395635.68,231335.63,84726.71
진주경찰서,20191226,197,165310.06,747624.66,881602.57,477990.95,174650.19,265408.85,366486.97,530296.17,519193.37,301932.73,114939.56
진주경찰서,20191227,181,169534.22,765459.42,966293.3,522676.03,192267.95,286403.02,394816.69,555162.71,548869.78,322658.07,124161.43
진주경찰서,20191228,195,174583.83,704749.31,943895.92,478881.83,187463.73,279097.11,380457.51,517270.43,518048.69,305324.94,114833.81
진주경찰서,20191229,184,160512.17,550860.04,831316.81,415303.44,166698.64,255600.21,326344.16,429604.27,436725.76,252189.32,91210.34
진주경찰서,20191230,216,165774.47,735894.77,924388.11,486862.01,169942.61,276898.56,371714.14,532257.97,528608.45,312953.96,120929.16
진주경찰서,20191231,215,170250.96,725465.1,969058.22,526084.15,183483.6,292536.86,396877.92,548561.86,538671.8,312210.98,118895.58
